ticker_id,last_update,last_update_timestamp,now,now_timestamp,price,price_changed
btc-bitcoin,2023-08-02 10:26:18 +0000 UTC,1690971978,2023-08-02 10:29:14.984399 +0000 UTC,1690972154,29459.483105,false
btc-bitcoin,2023-08-02 10:26:18 +0000 UTC,1690971978,2023-08-02 10:29:24.841839 +0000 UTC,1690972164,29459.483105,false
btc-bitcoin,2023-08-02 10:26:18 +0000 UTC,1690971978,2023-08-02 10:29:34.856323 +0000 UTC,1690972174,29459.483105,false
btc-bitcoin,2023-08-02 10:26:18 +0000 UTC,1690971978,2023-08-02 10:29:44.854367 +0000 UTC,1690972184,29459.483105,false
btc-bitcoin,2023-08-02 10:26:18 +0000 UTC,1690971978,2023-08-02 10:29:54.862615 +0000 UTC,1690972194,29459.483105,false
btc-bitcoin,2023-08-02 10:26:18 +0000 UTC,1690971978,2023-08-02 10:30:04.846393 +0000 UTC,1690972204,29459.483105,false
btc-bitcoin,2023-08-02 10:27:17 +0000 UTC,1690972037,2023-08-02 10:30:14.874899 +0000 UTC,1690972214,29461.237966,true
btc-bitcoin,2023-08-02 10:27:17 +0000 UTC,1690972037,2023-08-02 10:30:24.832457 +0000 UTC,1690972224,29461.237966,false
btc-bitcoin,2023-08-02 10:27:17 +0000 UTC,1690972037,2023-08-02 10:30:34.840039 +0000 UTC,1690972234,29461.237966,false
btc-bitcoin,2023-08-02 10:27:17 +0000 UTC,1690972037,2023-08-02 10:30:44.815085 +0000 UTC,1690972244,29461.237966,false
btc-bitcoin,2023-08-02 10:27:17 +0000 UTC,1690972037,2023-08-02 10:30:54.857783 +0000 UTC,1690972254,29461.237966,false
btc-bitcoin,2023-08-02 10:27:17 +0000 UTC,1690972037,2023-08-02 10:31:04.86599 +0000 UTC,1690972264,29461.237966,false
btc-bitcoin,2023-08-02 10:27:17 +0000 UTC,1690972037,2023-08-02 10:31:14.859377 +0000 UTC,1690972274,29461.237966,false
btc-bitcoin,2023-08-02 10:30:18 +0000 UTC,1690972218,2023-08-02 10:31:25.018927 +0000 UTC,1690972285,29472.850390,true
btc-bitcoin,2023-08-02 10:30:18 +0000 UTC,1690972218,2023-08-02 10:31:34.83158 +0000 UTC,1690972294,29472.850390,false
btc-bitcoin,2023-08-02 10:30:18 +0000 UTC,1690972218,2023-08-02 10:31:44.864265 +0000 UTC,1690972304,29472.850390,false
btc-bitcoin,2023-08-02 10:30:18 +0000 UTC,1690972218,2023-08-02 10:31:54.832815 +0000 UTC,1690972314,29472.850390,false
btc-bitcoin,2023-08-02 10:30:18 +0000 UTC,1690972218,2023-08-02 10:32:04.824299 +0000 UTC,1690972324,29472.850390,false
btc-bitcoin,2023-08-02 10:30:18 +0000 UTC,1690972218,2023-08-02 10:32:14.868801 +0000 UTC,1690972334,29472.850390,false
btc-bitcoin,2023-08-02 10:30:18 +0000 UTC,1690972218,2023-08-02 10:32:24.858121 +0000 UTC,1690972344,29472.850390,false
btc-bitcoin,2023-08-02 10:30:18 +0000 UTC,1690972218,2023-08-02 10:32:34.890216 +0000 UTC,1690972354,29472.850390,false
btc-bitcoin,2023-08-02 10:30:18 +0000 UTC,1690972218,2023-08-02 10:32:44.854521 +0000 UTC,1690972364,29472.850390,false
btc-bitcoin,2023-08-02 10:30:18 +0000 UTC,1690972218,2023-08-02 10:32:54.859838 +0000 UTC,1690972374,29472.850390,false
btc-bitcoin,2023-08-02 10:30:18 +0000 UTC,1690972218,2023-08-02 10:33:04.854307 +0000 UTC,1690972384,29472.850390,false
btc-bitcoin,2023-08-02 10:30:18 +0000 UTC,1690972218,2023-08-02 10:33:14.856515 +0000 UTC,1690972394,29472.850390,false
btc-bitcoin,2023-08-02 10:30:18 +0000 UTC,1690972218,2023-08-02 10:33:24.851132 +0000 UTC,1690972404,29472.850390,false
btc-bitcoin,2023-08-02 10:30:18 +0000 UTC,1690972218,2023-08-02 10:33:34.863649 +0000 UTC,1690972414,29472.850390,false
btc-bitcoin,2023-08-02 10:32:17 +0000 UTC,1690972337,2023-08-02 10:33:45.073129 +0000 UTC,1690972425,29472.321127,true
btc-bitcoin,2023-08-02 10:32:17 +0000 UTC,1690972337,2023-08-02 10:33:54.861843 +0000 UTC,1690972434,29472.321127,false
btc-bitcoin,2023-08-02 10:32:17 +0000 UTC,1690972337,2023-08-02 10:34:04.864991 +0000 UTC,1690972444,29472.321127,false
btc-bitcoin,2023-08-02 10:32:17 +0000 UTC,1690972337,2023-08-02 10:34:14.933079 +0000 UTC,1690972454,29472.321127,false
btc-bitcoin,2023-08-02 10:32:17 +0000 UTC,1690972337,2023-08-02 10:34:24.867282 +0000 UTC,1690972464,29472.321127,false
btc-bitcoin,2023-08-02 10:32:17 +0000 UTC,1690972337,2023-08-02 10:34:34.863084 +0000 UTC,1690972474,29472.321127,false
btc-bitcoin,2023-08-02 10:32:17 +0000 UTC,1690972337,2023-08-02 10:34:44.865464 +0000 UTC,1690972484,29472.321127,false
btc-bitcoin,2023-08-02 10:32:17 +0000 UTC,1690972337,2023-08-02 10:34:54.948863 +0000 UTC,1690972494,29472.321127,false
btc-bitcoin,2023-08-02 10:32:17 +0000 UTC,1690972337,2023-08-02 10:35:04.865565 +0000 UTC,1690972504,29472.321127,false
btc-bitcoin,2023-08-02 10:32:17 +0000 UTC,1690972337,2023-08-02 10:35:14.870001 +0000 UTC,1690972514,29472.321127,false
btc-bitcoin,2023-08-02 10:32:17 +0000 UTC,1690972337,2023-08-02 10:35:24.858103 +0000 UTC,1690972524,29472.321127,false
btc-bitcoin,2023-08-02 10:32:17 +0000 UTC,1690972337,2023-08-02 10:35:34.879022 +0000 UTC,1690972534,29472.321127,false
btc-bitcoin,2023-08-02 10:32:17 +0000 UTC,1690972337,2023-08-02 10:35:44.844206 +0000 UTC,1690972544,29472.321127,false
btc-bitcoin,2023-08-02 10:32:17 +0000 UTC,1690972337,2023-08-02 10:35:54.863933 +0000 UTC,1690972554,29472.321127,false
btc-bitcoin,2023-08-02 10:35:20 +0000 UTC,1690972520,2023-08-02 10:36:05.139755 +0000 UTC,1690972565,29475.952255,true
btc-bitcoin,2023-08-02 10:35:20 +0000 UTC,1690972520,2023-08-02 10:36:14.870872 +0000 UTC,1690972574,29475.952255,false
btc-bitcoin,2023-08-02 10:35:20 +0000 UTC,1690972520,2023-08-02 10:36:24.866486 +0000 UTC,1690972584,29475.952255,false
btc-bitcoin,2023-08-02 10:35:20 +0000 UTC,1690972520,2023-08-02 10:36:34.852079 +0000 UTC,1690972594,29475.952255,false
btc-bitcoin,2023-08-02 10:35:20 +0000 UTC,1690972520,2023-08-02 10:36:44.867388 +0000 UTC,1690972604,29475.952255,false
btc-bitcoin,2023-08-02 10:35:20 +0000 UTC,1690972520,2023-08-02 10:36:54.857887 +0000 UTC,1690972614,29475.952255,false
btc-bitcoin,2023-08-02 10:35:20 +0000 UTC,1690972520,2023-08-02 10:37:04.851886 +0000 UTC,1690972624,29475.952255,false
btc-bitcoin,2023-08-02 10:34:19 +0000 UTC,1690972459,2023-08-02 10:37:15.38645 +0000 UTC,1690972635,29468.924018,true
btc-bitcoin,2023-08-02 10:34:19 +0000 UTC,1690972459,2023-08-02 10:37:24.857975 +0000 UTC,1690972644,29468.924018,false
btc-bitcoin,2023-08-02 10:34:19 +0000 UTC,1690972459,2023-08-02 10:37:34.862 +0000 UTC,1690972654,29468.924018,false
btc-bitcoin,2023-08-02 10:34:19 +0000 UTC,1690972459,2023-08-02 10:37:44.841131 +0000 UTC,1690972664,29468.924018,false
btc-bitcoin,2023-08-02 10:34:19 +0000 UTC,1690972459,2023-08-02 10:37:54.8927 +0000 UTC,1690972674,29468.924018,false
btc-bitcoin,2023-08-02 10:34:19 +0000 UTC,1690972459,2023-08-02 10:38:04.844196 +0000 UTC,1690972684,29468.924018,false
btc-bitcoin,2023-08-02 10:34:19 +0000 UTC,1690972459,2023-08-02 10:38:14.844006 +0000 UTC,1690972694,29468.924018,false
btc-bitcoin,2023-08-02 10:34:19 +0000 UTC,1690972459,2023-08-02 10:38:25.392051 +0000 UTC,1690972705,29468.924018,false
btc-bitcoin,2023-08-02 10:34:19 +0000 UTC,1690972459,2023-08-02 10:38:34.847585 +0000 UTC,1690972714,29468.924018,false
btc-bitcoin,2023-08-02 10:34:19 +0000 UTC,1690972459,2023-08-02 10:38:44.848264 +0000 UTC,1690972724,29468.924018,false
btc-bitcoin,2023-08-02 10:34:19 +0000 UTC,1690972459,2023-08-02 10:38:54.842609 +0000 UTC,1690972734,29468.924018,false
btc-bitcoin,2023-08-02 10:34:19 +0000 UTC,1690972459,2023-08-02 10:39:04.839454 +0000 UTC,1690972744,29468.924018,false
btc-bitcoin,2023-08-02 10:34:19 +0000 UTC,1690972459,2023-08-02 10:39:14.850482 +0000 UTC,1690972754,29468.924018,false
btc-bitcoin,2023-08-02 10:34:19 +0000 UTC,1690972459,2023-08-02 10:39:24.843664 +0000 UTC,1690972764,29468.924018,false
btc-bitcoin,2023-08-02 10:37:18 +0000 UTC,1690972638,2023-08-02 10:39:35.104031 +0000 UTC,1690972775,29481.742589,true
btc-bitcoin,2023-08-02 10:37:18 +0000 UTC,1690972638,2023-08-02 10:39:44.838751 +0000 UTC,1690972784,29481.742589,false
btc-bitcoin,2023-08-02 10:37:18 +0000 UTC,1690972638,2023-08-02 10:39:54.844869 +0000 UTC,1690972794,29481.742589,false
btc-bitcoin,2023-08-02 10:37:18 +0000 UTC,1690972638,2023-08-02 10:40:04.849979 +0000 UTC,1690972804,29481.742589,false
btc-bitcoin,2023-08-02 10:37:18 +0000 UTC,1690972638,2023-08-02 10:40:14.835313 +0000 UTC,1690972814,29481.742589,false
btc-bitcoin,2023-08-02 10:37:18 +0000 UTC,1690972638,2023-08-02 10:40:24.843576 +0000 UTC,1690972824,29481.742589,false
btc-bitcoin,2023-08-02 10:37:18 +0000 UTC,1690972638,2023-08-02 10:40:34.836367 +0000 UTC,1690972834,29481.742589,false
btc-bitcoin,2023-08-02 10:39:18 +0000 UTC,1690972758,2023-08-02 10:40:44.903855 +0000 UTC,1690972844,29492.547736,true
btc-bitcoin,2023-08-02 10:39:18 +0000 UTC,1690972758,2023-08-02 10:40:54.832158 +0000 UTC,1690972854,29492.547736,false
btc-bitcoin,2023-08-02 10:39:18 +0000 UTC,1690972758,2023-08-02 10:41:04.869656 +0000 UTC,1690972864,29492.547736,false
btc-bitcoin,2023-08-02 10:39:18 +0000 UTC,1690972758,2023-08-02 10:41:14.845467 +0000 UTC,1690972874,29492.547736,false
btc-bitcoin,2023-08-02 10:39:18 +0000 UTC,1690972758,2023-08-02 10:41:24.854434 +0000 UTC,1690972884,29492.547736,false
btc-bitcoin,2023-08-02 10:39:18 +0000 UTC,1690972758,2023-08-02 10:41:34.840176 +0000 UTC,1690972894,29492.547736,false
btc-bitcoin,2023-08-02 10:39:18 +0000 UTC,1690972758,2023-08-02 10:41:44.847771 +0000 UTC,1690972904,29492.547736,false
btc-bitcoin,2023-08-02 10:40:18 +0000 UTC,1690972818,2023-08-02 10:41:54.866588 +0000 UTC,1690972914,29502.200471,true
btc-bitcoin,2023-08-02 10:40:18 +0000 UTC,1690972818,2023-08-02 10:42:04.844827 +0000 UTC,1690972924,29502.200471,false
btc-bitcoin,2023-08-02 10:40:18 +0000 UTC,1690972818,2023-08-02 10:42:14.846577 +0000 UTC,1690972934,29502.200471,false
btc-bitcoin,2023-08-02 10:40:18 +0000 UTC,1690972818,2023-08-02 10:42:24.849699 +0000 UTC,1690972944,29502.200471,false
btc-bitcoin,2023-08-02 10:40:18 +0000 UTC,1690972818,2023-08-02 10:42:34.867327 +0000 UTC,1690972954,29502.200471,false
btc-bitcoin,2023-08-02 10:40:18 +0000 UTC,1690972818,2023-08-02 10:42:44.845841 +0000 UTC,1690972964,29502.200471,false
btc-bitcoin,2023-08-02 10:40:18 +0000 UTC,1690972818,2023-08-02 10:42:54.838236 +0000 UTC,1690972974,29502.200471,false
btc-bitcoin,2023-08-02 10:41:18 +0000 UTC,1690972878,2023-08-02 10:43:04.887406 +0000 UTC,1690972984,29506.632628,true
btc-bitcoin,2023-08-02 10:41:18 +0000 UTC,1690972878,2023-08-02 10:43:14.851587 +0000 UTC,1690972994,29506.632628,false
btc-bitcoin,2023-08-02 10:41:18 +0000 UTC,1690972878,2023-08-02 10:43:24.844482 +0000 UTC,1690973004,29506.632628,false
btc-bitcoin,2023-08-02 10:41:18 +0000 UTC,1690972878,2023-08-02 10:43:34.840024 +0000 UTC,1690973014,29506.632628,false
btc-bitcoin,2023-08-02 10:41:18 +0000 UTC,1690972878,2023-08-02 10:43:44.850032 +0000 UTC,1690973024,29506.632628,false
btc-bitcoin,2023-08-02 10:41:18 +0000 UTC,1690972878,2023-08-02 10:43:54.854525 +0000 UTC,1690973034,29506.632628,false
btc-bitcoin,2023-08-02 10:41:18 +0000 UTC,1690972878,2023-08-02 10:44:04.839605 +0000 UTC,1690973044,29506.632628,false
btc-bitcoin,2023-08-02 10:41:18 +0000 UTC,1690972878,2023-08-02 10:44:15.410623 +0000 UTC,1690973055,29506.632628,false
btc-bitcoin,2023-08-02 10:41:18 +0000 UTC,1690972878,2023-08-02 10:44:24.861021 +0000 UTC,1690973064,29506.632628,false
btc-bitcoin,2023-08-02 10:41:18 +0000 UTC,1690972878,2023-08-02 10:44:34.841129 +0000 UTC,1690973074,29506.632628,false
btc-bitcoin,2023-08-02 10:41:18 +0000 UTC,1690972878,2023-08-02 10:44:44.840864 +0000 UTC,1690973084,29506.632628,false
btc-bitcoin,2023-08-02 10:41:18 +0000 UTC,1690972878,2023-08-02 10:44:54.854632 +0000 UTC,1690973094,29506.632628,false
btc-bitcoin,2023-08-02 10:41:18 +0000 UTC,1690972878,2023-08-02 10:45:04.846395 +0000 UTC,1690973104,29506.632628,false
btc-bitcoin,2023-08-02 10:41:18 +0000 UTC,1690972878,2023-08-02 10:45:14.84731 +0000 UTC,1690973114,29506.632628,false
btc-bitcoin,2023-08-02 10:44:18 +0000 UTC,1690973058,2023-08-02 10:45:24.881828 +0000 UTC,1690973124,29497.432543,true
btc-bitcoin,2023-08-02 10:44:18 +0000 UTC,1690973058,2023-08-02 10:45:34.847288 +0000 UTC,1690973134,29497.432543,false
btc-bitcoin,2023-08-02 10:44:18 +0000 UTC,1690973058,2023-08-02 10:45:44.844964 +0000 UTC,1690973144,29497.432543,false
btc-bitcoin,2023-08-02 10:44:18 +0000 UTC,1690973058,2023-08-02 10:45:54.856924 +0000 UTC,1690973154,29497.432543,false
btc-bitcoin,2023-08-02 10:44:18 +0000 UTC,1690973058,2023-08-02 10:46:04.851077 +0000 UTC,1690973164,29497.432543,false
btc-bitcoin,2023-08-02 10:44:18 +0000 UTC,1690973058,2023-08-02 10:46:14.850048 +0000 UTC,1690973174,29497.432543,false
btc-bitcoin,2023-08-02 10:44:18 +0000 UTC,1690973058,2023-08-02 10:46:24.847713 +0000 UTC,1690973184,29497.432543,false
btc-bitcoin,2023-08-02 10:44:18 +0000 UTC,1690973058,2023-08-02 10:46:35.043379 +0000 UTC,1690973195,29497.432543,false
btc-bitcoin,2023-08-02 10:44:18 +0000 UTC,1690973058,2023-08-02 10:46:44.868264 +0000 UTC,1690973204,29497.432543,false
btc-bitcoin,2023-08-02 10:44:18 +0000 UTC,1690973058,2023-08-02 10:46:54.843769 +0000 UTC,1690973214,29497.432543,false
btc-bitcoin,2023-08-02 10:44:18 +0000 UTC,1690973058,2023-08-02 10:47:04.848535 +0000 UTC,1690973224,29497.432543,false
btc-bitcoin,2023-08-02 10:44:18 +0000 UTC,1690973058,2023-08-02 10:47:14.841916 +0000 UTC,1690973234,29497.432543,false
btc-bitcoin,2023-08-02 10:44:18 +0000 UTC,1690973058,2023-08-02 10:47:24.857977 +0000 UTC,1690973244,29497.432543,false
btc-bitcoin,2023-08-02 10:44:18 +0000 UTC,1690973058,2023-08-02 10:47:34.868044 +0000 UTC,1690973254,29497.432543,false
btc-bitcoin,2023-08-02 10:44:18 +0000 UTC,1690973058,2023-08-02 10:47:45.035462 +0000 UTC,1690973265,29497.432543,false
btc-bitcoin,2023-08-02 10:44:18 +0000 UTC,1690973058,2023-08-02 10:47:54.850844 +0000 UTC,1690973274,29497.432543,false
btc-bitcoin,2023-08-02 10:44:18 +0000 UTC,1690973058,2023-08-02 10:48:04.845993 +0000 UTC,1690973284,29497.432543,false
btc-bitcoin,2023-08-02 10:44:18 +0000 UTC,1690973058,2023-08-02 10:48:14.846782 +0000 UTC,1690973294,29497.432543,false
btc-bitcoin,2023-08-02 10:44:18 +0000 UTC,1690973058,2023-08-02 10:48:24.850462 +0000 UTC,1690973304,29497.432543,false
btc-bitcoin,2023-08-02 10:44:18 +0000 UTC,1690973058,2023-08-02 10:48:34.860508 +0000 UTC,1690973314,29497.432543,false
btc-bitcoin,2023-08-02 10:44:18 +0000 UTC,1690973058,2023-08-02 10:48:44.85006 +0000 UTC,1690973324,29497.432543,false
btc-bitcoin,2023-08-02 10:48:18 +0000 UTC,1690973298,2023-08-02 10:48:55.476705 +0000 UTC,1690973335,29517.199602,true
btc-bitcoin,2023-08-02 10:48:18 +0000 UTC,1690973298,2023-08-02 10:49:04.848953 +0000 UTC,1690973344,29517.199602,false
btc-bitcoin,2023-08-02 10:48:18 +0000 UTC,1690973298,2023-08-02 10:49:14.83836 +0000 UTC,1690973354,29517.199602,false
btc-bitcoin,2023-08-02 10:48:18 +0000 UTC,1690973298,2023-08-02 10:49:24.855261 +0000 UTC,1690973364,29517.199602,false
btc-bitcoin,2023-08-02 10:48:18 +0000 UTC,1690973298,2023-08-02 10:49:34.851566 +0000 UTC,1690973374,29517.199602,false
btc-bitcoin,2023-08-02 10:48:18 +0000 UTC,1690973298,2023-08-02 10:49:44.806699 +0000 UTC,1690973384,29517.199602,false
btc-bitcoin,2023-08-02 10:48:18 +0000 UTC,1690973298,2023-08-02 10:49:54.84978 +0000 UTC,1690973394,29517.199602,false
btc-bitcoin,2023-08-02 10:47:18 +0000 UTC,1690973238,2023-08-02 10:50:05.050049 +0000 UTC,1690973405,29513.680771,true
btc-bitcoin,2023-08-02 10:47:18 +0000 UTC,1690973238,2023-08-02 10:50:14.8463 +0000 UTC,1690973414,29513.680771,false
btc-bitcoin,2023-08-02 10:47:18 +0000 UTC,1690973238,2023-08-02 10:50:24.842141 +0000 UTC,1690973424,29513.680771,false
btc-bitcoin,2023-08-02 10:47:18 +0000 UTC,1690973238,2023-08-02 10:50:34.846584 +0000 UTC,1690973434,29513.680771,false
btc-bitcoin,2023-08-02 10:47:18 +0000 UTC,1690973238,2023-08-02 10:50:44.851735 +0000 UTC,1690973444,29513.680771,false
btc-bitcoin,2023-08-02 10:47:18 +0000 UTC,1690973238,2023-08-02 10:50:54.853575 +0000 UTC,1690973454,29513.680771,false
btc-bitcoin,2023-08-02 10:47:18 +0000 UTC,1690973238,2023-08-02 10:51:04.846639 +0000 UTC,1690973464,29513.680771,false
btc-bitcoin,2023-08-02 10:48:18 +0000 UTC,1690973298,2023-08-02 10:51:15.880345 +0000 UTC,1690973475,29517.199602,true
btc-bitcoin,2023-08-02 10:48:18 +0000 UTC,1690973298,2023-08-02 10:51:24.844606 +0000 UTC,1690973484,29517.199602,false
btc-bitcoin,2023-08-02 10:48:18 +0000 UTC,1690973298,2023-08-02 10:51:34.839981 +0000 UTC,1690973494,29517.199602,false
btc-bitcoin,2023-08-02 10:48:18 +0000 UTC,1690973298,2023-08-02 10:51:44.849078 +0000 UTC,1690973504,29517.199602,false
btc-bitcoin,2023-08-02 10:48:18 +0000 UTC,1690973298,2023-08-02 10:51:54.848459 +0000 UTC,1690973514,29517.199602,false
btc-bitcoin,2023-08-02 10:48:18 +0000 UTC,1690973298,2023-08-02 10:52:04.843167 +0000 UTC,1690973524,29517.199602,false
btc-bitcoin,2023-08-02 10:48:18 +0000 UTC,1690973298,2023-08-02 10:52:14.849315 +0000 UTC,1690973534,29517.199602,false
btc-bitcoin,2023-08-02 10:50:20 +0000 UTC,1690973420,2023-08-02 10:52:24.845469 +0000 UTC,1690973544,29517.244372,true
btc-bitcoin,2023-08-02 10:50:20 +0000 UTC,1690973420,2023-08-02 10:52:34.81959 +0000 UTC,1690973554,29517.244372,false
btc-bitcoin,2023-08-02 10:50:20 +0000 UTC,1690973420,2023-08-02 10:52:44.808378 +0000 UTC,1690973564,29517.244372,false
btc-bitcoin,2023-08-02 10:50:20 +0000 UTC,1690973420,2023-08-02 10:52:54.813857 +0000 UTC,1690973574,29517.244372,false
btc-bitcoin,2023-08-02 10:50:20 +0000 UTC,1690973420,2023-08-02 10:53:04.851025 +0000 UTC,1690973584,29517.244372,false
btc-bitcoin,2023-08-02 10:50:20 +0000 UTC,1690973420,2023-08-02 10:53:14.840544 +0000 UTC,1690973594,29517.244372,false
btc-bitcoin,2023-08-02 10:50:20 +0000 UTC,1690973420,2023-08-02 10:53:24.845884 +0000 UTC,1690973604,29517.244372,false
btc-bitcoin,2023-08-02 10:51:20 +0000 UTC,1690973480,2023-08-02 10:53:34.944716 +0000 UTC,1690973614,29518.702390,true
btc-bitcoin,2023-08-02 10:51:20 +0000 UTC,1690973480,2023-08-02 10:53:44.849379 +0000 UTC,1690973624,29518.702390,false
btc-bitcoin,2023-08-02 10:51:20 +0000 UTC,1690973480,2023-08-02 10:53:54.827901 +0000 UTC,1690973634,29518.702390,false
btc-bitcoin,2023-08-02 10:51:20 +0000 UTC,1690973480,2023-08-02 10:54:04.855734 +0000 UTC,1690973644,29518.702390,false
btc-bitcoin,2023-08-02 10:51:20 +0000 UTC,1690973480,2023-08-02 10:54:14.83791 +0000 UTC,1690973654,29518.702390,false
btc-bitcoin,2023-08-02 10:51:20 +0000 UTC,1690973480,2023-08-02 10:54:24.831487 +0000 UTC,1690973664,29518.702390,false
btc-bitcoin,2023-08-02 10:51:20 +0000 UTC,1690973480,2023-08-02 10:54:34.845017 +0000 UTC,1690973674,29518.702390,false
btc-bitcoin,2023-08-02 10:51:20 +0000 UTC,1690973480,2023-08-02 10:54:46.284814 +0000 UTC,1690973686,29518.702390,false
btc-bitcoin,2023-08-02 10:51:20 +0000 UTC,1690973480,2023-08-02 10:54:54.842033 +0000 UTC,1690973694,29518.702390,false
btc-bitcoin,2023-08-02 10:51:20 +0000 UTC,1690973480,2023-08-02 10:55:04.839159 +0000 UTC,1690973704,29518.702390,false
btc-bitcoin,2023-08-02 10:51:20 +0000 UTC,1690973480,2023-08-02 10:55:14.844523 +0000 UTC,1690973714,29518.702390,false
btc-bitcoin,2023-08-02 10:51:20 +0000 UTC,1690973480,2023-08-02 10:55:24.847712 +0000 UTC,1690973724,29518.702390,false
btc-bitcoin,2023-08-02 10:51:20 +0000 UTC,1690973480,2023-08-02 10:55:34.841211 +0000 UTC,1690973734,29518.702390,false
btc-bitcoin,2023-08-02 10:51:20 +0000 UTC,1690973480,2023-08-02 10:55:44.84502 +0000 UTC,1690973744,29518.702390,false
btc-bitcoin,2023-08-02 10:54:17 +0000 UTC,1690973657,2023-08-02 10:55:55.186361 +0000 UTC,1690973755,29518.988886,true
btc-bitcoin,2023-08-02 10:54:17 +0000 UTC,1690973657,2023-08-02 10:56:04.840126 +0000 UTC,1690973764,29518.988886,false
btc-bitcoin,2023-08-02 10:54:17 +0000 UTC,1690973657,2023-08-02 10:56:14.847634 +0000 UTC,1690973774,29518.988886,false
btc-bitcoin,2023-08-02 10:54:17 +0000 UTC,1690973657,2023-08-02 10:56:24.837188 +0000 UTC,1690973784,29518.988886,false
btc-bitcoin,2023-08-02 10:54:17 +0000 UTC,1690973657,2023-08-02 10:56:34.837967 +0000 UTC,1690973794,29518.988886,false
btc-bitcoin,2023-08-02 10:54:17 +0000 UTC,1690973657,2023-08-02 10:56:44.837784 +0000 UTC,1690973804,29518.988886,false
btc-bitcoin,2023-08-02 10:54:17 +0000 UTC,1690973657,2023-08-02 10:56:54.841275 +0000 UTC,1690973814,29518.988886,false
btc-bitcoin,2023-08-02 10:56:18 +0000 UTC,1690973778,2023-08-02 10:57:05.049809 +0000 UTC,1690973825,29518.310966,true
btc-bitcoin,2023-08-02 10:56:18 +0000 UTC,1690973778,2023-08-02 10:57:14.845803 +0000 UTC,1690973834,29518.310966,false
btc-bitcoin,2023-08-02 10:56:18 +0000 UTC,1690973778,2023-08-02 10:57:24.824271 +0000 UTC,1690973844,29518.310966,false
btc-bitcoin,2023-08-02 10:56:18 +0000 UTC,1690973778,2023-08-02 10:57:34.843632 +0000 UTC,1690973854,29518.310966,false
btc-bitcoin,2023-08-02 10:56:18 +0000 UTC,1690973778,2023-08-02 10:57:44.866809 +0000 UTC,1690973864,29518.310966,false
btc-bitcoin,2023-08-02 10:56:18 +0000 UTC,1690973778,2023-08-02 10:57:54.842425 +0000 UTC,1690973874,29518.310966,false
btc-bitcoin,2023-08-02 10:56:18 +0000 UTC,1690973778,2023-08-02 10:58:04.843395 +0000 UTC,1690973884,29518.310966,false
btc-bitcoin,2023-08-02 10:57:17 +0000 UTC,1690973837,2023-08-02 10:58:15.189176 +0000 UTC,1690973895,29518.470826,true
btc-bitcoin,2023-08-02 10:57:17 +0000 UTC,1690973837,2023-08-02 10:58:24.886911 +0000 UTC,1690973904,29518.470826,false
btc-bitcoin,2023-08-02 10:57:17 +0000 UTC,1690973837,2023-08-02 10:58:34.829194 +0000 UTC,1690973914,29518.470826,false
btc-bitcoin,2023-08-02 10:57:17 +0000 UTC,1690973837,2023-08-02 10:58:44.842797 +0000 UTC,1690973924,29518.470826,false
btc-bitcoin,2023-08-02 10:57:17 +0000 UTC,1690973837,2023-08-02 10:58:54.841222 +0000 UTC,1690973934,29518.470826,false
btc-bitcoin,2023-08-02 10:57:17 +0000 UTC,1690973837,2023-08-02 10:59:04.849174 +0000 UTC,1690973944,29518.470826,false
btc-bitcoin,2023-08-02 10:57:17 +0000 UTC,1690973837,2023-08-02 10:59:14.814539 +0000 UTC,1690973954,29518.470826,false
btc-bitcoin,2023-08-02 10:56:18 +0000 UTC,1690973778,2023-08-02 10:59:24.880166 +0000 UTC,1690973964,29518.310966,true
btc-bitcoin,2023-08-02 10:56:18 +0000 UTC,1690973778,2023-08-02 10:59:34.846018 +0000 UTC,1690973974,29518.310966,false
btc-bitcoin,2023-08-02 10:56:18 +0000 UTC,1690973778,2023-08-02 10:59:44.842067 +0000 UTC,1690973984,29518.310966,false
btc-bitcoin,2023-08-02 10:56:18 +0000 UTC,1690973778,2023-08-02 10:59:54.836353 +0000 UTC,1690973994,29518.310966,false
btc-bitcoin,2023-08-02 10:56:18 +0000 UTC,1690973778,2023-08-02 11:00:04.82622 +0000 UTC,1690974004,29518.310966,false
btc-bitcoin,2023-08-02 10:56:18 +0000 UTC,1690973778,2023-08-02 11:00:14.837095 +0000 UTC,1690974014,29518.310966,false
btc-bitcoin,2023-08-02 10:56:18 +0000 UTC,1690973778,2023-08-02 11:00:24.838278 +0000 UTC,1690974024,29518.310966,false
btc-bitcoin,2023-08-02 10:57:17 +0000 UTC,1690973837,2023-08-02 11:00:35.146793 +0000 UTC,1690974035,29518.470826,true
btc-bitcoin,2023-08-02 10:57:17 +0000 UTC,1690973837,2023-08-02 11:00:44.842317 +0000 UTC,1690974044,29518.470826,false
btc-bitcoin,2023-08-02 10:57:17 +0000 UTC,1690973837,2023-08-02 11:00:54.845252 +0000 UTC,1690974054,29518.470826,false
btc-bitcoin,2023-08-02 10:57:17 +0000 UTC,1690973837,2023-08-02 11:01:04.843658 +0000 UTC,1690974064,29518.470826,false
btc-bitcoin,2023-08-02 10:57:17 +0000 UTC,1690973837,2023-08-02 11:01:14.843038 +0000 UTC,1690974074,29518.470826,false
btc-bitcoin,2023-08-02 10:57:17 +0000 UTC,1690973837,2023-08-02 11:01:24.829818 +0000 UTC,1690974084,29518.470826,false
btc-bitcoin,2023-08-02 10:57:17 +0000 UTC,1690973837,2023-08-02 11:01:34.847532 +0000 UTC,1690974094,29518.470826,false
btc-bitcoin,2023-08-02 10:58:17 +0000 UTC,1690973897,2023-08-02 11:01:44.876104 +0000 UTC,1690974104,29519.976978,true
btc-bitcoin,2023-08-02 10:58:17 +0000 UTC,1690973897,2023-08-02 11:01:54.847658 +0000 UTC,1690974114,29519.976978,false
btc-bitcoin,2023-08-02 10:58:17 +0000 UTC,1690973897,2023-08-02 11:02:04.846168 +0000 UTC,1690974124,29519.976978,false
btc-bitcoin,2023-08-02 10:58:17 +0000 UTC,1690973897,2023-08-02 11:02:14.826473 +0000 UTC,1690974134,29519.976978,false
btc-bitcoin,2023-08-02 10:58:17 +0000 UTC,1690973897,2023-08-02 11:02:24.839817 +0000 UTC,1690974144,29519.976978,false
btc-bitcoin,2023-08-02 10:58:17 +0000 UTC,1690973897,2023-08-02 11:02:34.854062 +0000 UTC,1690974154,29519.976978,false
btc-bitcoin,2023-08-02 10:58:17 +0000 UTC,1690973897,2023-08-02 11:02:44.850595 +0000 UTC,1690974164,29519.976978,false
btc-bitcoin,2023-08-02 11:00:18 +0000 UTC,1690974018,2023-08-02 11:02:55.151732 +0000 UTC,1690974175,29517.518639,true
btc-bitcoin,2023-08-02 11:00:18 +0000 UTC,1690974018,2023-08-02 11:03:04.847537 +0000 UTC,1690974184,29517.518639,false
btc-bitcoin,2023-08-02 11:00:18 +0000 UTC,1690974018,2023-08-02 11:03:14.843613 +0000 UTC,1690974194,29517.518639,false
btc-bitcoin,2023-08-02 11:00:18 +0000 UTC,1690974018,2023-08-02 11:03:24.856755 +0000 UTC,1690974204,29517.518639,false
btc-bitcoin,2023-08-02 11:00:18 +0000 UTC,1690974018,2023-08-02 11:03:34.842221 +0000 UTC,1690974214,29517.518639,false
btc-bitcoin,2023-08-02 11:00:18 +0000 UTC,1690974018,2023-08-02 11:03:44.852984 +0000 UTC,1690974224,29517.518639,false
btc-bitcoin,2023-08-02 11:00:18 +0000 UTC,1690974018,2023-08-02 11:03:54.853782 +0000 UTC,1690974234,29517.518639,false
btc-bitcoin,2023-08-02 11:03:17 +0000 UTC,1690974197,2023-08-02 11:04:04.910104 +0000 UTC,1690974244,29528.480849,true
btc-bitcoin,2023-08-02 11:03:17 +0000 UTC,1690974197,2023-08-02 11:04:14.841754 +0000 UTC,1690974254,29528.480849,false
btc-bitcoin,2023-08-02 11:03:17 +0000 UTC,1690974197,2023-08-02 11:04:24.870182 +0000 UTC,1690974264,29528.480849,false
btc-bitcoin,2023-08-02 11:03:17 +0000 UTC,1690974197,2023-08-02 11:04:34.844313 +0000 UTC,1690974274,29528.480849,false
btc-bitcoin,2023-08-02 11:03:17 +0000 UTC,1690974197,2023-08-02 11:04:44.869452 +0000 UTC,1690974284,29528.480849,false
btc-bitcoin,2023-08-02 11:03:17 +0000 UTC,1690974197,2023-08-02 11:04:54.852841 +0000 UTC,1690974294,29528.480849,false
btc-bitcoin,2023-08-02 11:03:17 +0000 UTC,1690974197,2023-08-02 11:05:04.88203 +0000 UTC,1690974304,29528.480849,false
btc-bitcoin,2023-08-02 11:02:18 +0000 UTC,1690974138,2023-08-02 11:05:14.876749 +0000 UTC,1690974314,29519.997149,true
btc-bitcoin,2023-08-02 11:02:18 +0000 UTC,1690974138,2023-08-02 11:05:24.86689 +0000 UTC,1690974324,29519.997149,false
btc-bitcoin,2023-08-02 11:02:18 +0000 UTC,1690974138,2023-08-02 11:05:34.867258 +0000 UTC,1690974334,29519.997149,false
btc-bitcoin,2023-08-02 11:02:18 +0000 UTC,1690974138,2023-08-02 11:05:44.862864 +0000 UTC,1690974344,29519.997149,false
btc-bitcoin,2023-08-02 11:02:18 +0000 UTC,1690974138,2023-08-02 11:05:54.863357 +0000 UTC,1690974354,29519.997149,false
btc-bitcoin,2023-08-02 11:02:18 +0000 UTC,1690974138,2023-08-02 11:06:04.85383 +0000 UTC,1690974364,29519.997149,false
btc-bitcoin,2023-08-02 11:02:18 +0000 UTC,1690974138,2023-08-02 11:06:14.866116 +0000 UTC,1690974374,29519.997149,false
btc-bitcoin,2023-08-02 11:03:17 +0000 UTC,1690974197,2023-08-02 11:06:25.145106 +0000 UTC,1690974385,29528.480849,true
btc-bitcoin,2023-08-02 11:03:17 +0000 UTC,1690974197,2023-08-02 11:06:34.855448 +0000 UTC,1690974394,29528.480849,false
btc-bitcoin,2023-08-02 11:03:17 +0000 UTC,1690974197,2023-08-02 11:06:44.865752 +0000 UTC,1690974404,29528.480849,false
btc-bitcoin,2023-08-02 11:03:17 +0000 UTC,1690974197,2023-08-02 11:06:54.865609 +0000 UTC,1690974414,29528.480849,false
btc-bitcoin,2023-08-02 11:03:17 +0000 UTC,1690974197,2023-08-02 11:07:04.871717 +0000 UTC,1690974424,29528.480849,false
btc-bitcoin,2023-08-02 11:03:17 +0000 UTC,1690974197,2023-08-02 11:07:14.858012 +0000 UTC,1690974434,29528.480849,false
btc-bitcoin,2023-08-02 11:03:17 +0000 UTC,1690974197,2023-08-02 11:07:24.848291 +0000 UTC,1690974444,29528.480849,false
btc-bitcoin,2023-08-02 11:04:18 +0000 UTC,1690974258,2023-08-02 11:07:35.419957 +0000 UTC,1690974455,29539.980812,true
btc-bitcoin,2023-08-02 11:04:18 +0000 UTC,1690974258,2023-08-02 11:07:44.863476 +0000 UTC,1690974464,29539.980812,false
btc-bitcoin,2023-08-02 11:04:18 +0000 UTC,1690974258,2023-08-02 11:07:54.870666 +0000 UTC,1690974474,29539.980812,false
btc-bitcoin,2023-08-02 11:04:18 +0000 UTC,1690974258,2023-08-02 11:08:04.859902 +0000 UTC,1690974484,29539.980812,false
btc-bitcoin,2023-08-02 11:04:18 +0000 UTC,1690974258,2023-08-02 11:08:14.860802 +0000 UTC,1690974494,29539.980812,false
btc-bitcoin,2023-08-02 11:04:18 +0000 UTC,1690974258,2023-08-02 11:08:24.851013 +0000 UTC,1690974504,29539.980812,false
btc-bitcoin,2023-08-02 11:04:18 +0000 UTC,1690974258,2023-08-02 11:08:34.853595 +0000 UTC,1690974514,29539.980812,false
btc-bitcoin,2023-08-02 11:05:19 +0000 UTC,1690974319,2023-08-02 11:08:44.885274 +0000 UTC,1690974524,29539.980812,false
btc-bitcoin,2023-08-02 11:05:19 +0000 UTC,1690974319,2023-08-02 11:08:54.856137 +0000 UTC,1690974534,29539.980812,false
btc-bitcoin,2023-08-02 11:05:19 +0000 UTC,1690974319,2023-08-02 11:09:04.867632 +0000 UTC,1690974544,29539.980812,false
btc-bitcoin,2023-08-02 11:05:19 +0000 UTC,1690974319,2023-08-02 11:09:14.861317 +0000 UTC,1690974554,29539.980812,false
btc-bitcoin,2023-08-02 11:05:19 +0000 UTC,1690974319,2023-08-02 11:09:24.867521 +0000 UTC,1690974564,29539.980812,false
btc-bitcoin,2023-08-02 11:05:19 +0000 UTC,1690974319,2023-08-02 11:09:34.858281 +0000 UTC,1690974574,29539.980812,false
btc-bitcoin,2023-08-02 11:05:19 +0000 UTC,1690974319,2023-08-02 11:09:44.869572 +0000 UTC,1690974584,29539.980812,false
btc-bitcoin,2023-08-02 11:07:20 +0000 UTC,1690974440,2023-08-02 11:09:55.189582 +0000 UTC,1690974595,29538.331764,true
btc-bitcoin,2023-08-02 11:07:20 +0000 UTC,1690974440,2023-08-02 11:10:04.862744 +0000 UTC,1690974604,29538.331764,false
btc-bitcoin,2023-08-02 11:07:20 +0000 UTC,1690974440,2023-08-02 11:10:14.865271 +0000 UTC,1690974614,29538.331764,false
btc-bitcoin,2023-08-02 11:07:20 +0000 UTC,1690974440,2023-08-02 11:10:24.851888 +0000 UTC,1690974624,29538.331764,false
btc-bitcoin,2023-08-02 11:07:20 +0000 UTC,1690974440,2023-08-02 11:10:34.839268 +0000 UTC,1690974634,29538.331764,false
btc-bitcoin,2023-08-02 11:07:20 +0000 UTC,1690974440,2023-08-02 11:10:44.86336 +0000 UTC,1690974644,29538.331764,false
btc-bitcoin,2023-08-02 11:07:20 +0000 UTC,1690974440,2023-08-02 11:10:54.862998 +0000 UTC,1690974654,29538.331764,false
btc-bitcoin,2023-08-02 11:08:18 +0000 UTC,1690974498,2023-08-02 11:11:05.082367 +0000 UTC,1690974665,29532.855592,true
btc-bitcoin,2023-08-02 11:08:18 +0000 UTC,1690974498,2023-08-02 11:11:14.8678 +0000 UTC,1690974674,29532.855592,false
btc-bitcoin,2023-08-02 11:08:18 +0000 UTC,1690974498,2023-08-02 11:11:24.864245 +0000 UTC,1690974684,29532.855592,false
btc-bitcoin,2023-08-02 11:08:18 +0000 UTC,1690974498,2023-08-02 11:11:34.869509 +0000 UTC,1690974694,29532.855592,false
btc-bitcoin,2023-08-02 11:08:18 +0000 UTC,1690974498,2023-08-02 11:11:44.87282 +0000 UTC,1690974704,29532.855592,false
btc-bitcoin,2023-08-02 11:08:18 +0000 UTC,1690974498,2023-08-02 11:11:54.860516 +0000 UTC,1690974714,29532.855592,false
btc-bitcoin,2023-08-02 11:08:18 +0000 UTC,1690974498,2023-08-02 11:12:04.863847 +0000 UTC,1690974724,29532.855592,false
btc-bitcoin,2023-08-02 11:09:17 +0000 UTC,1690974557,2023-08-02 11:12:15.136612 +0000 UTC,1690974735,29526.959569,true
btc-bitcoin,2023-08-02 11:09:17 +0000 UTC,1690974557,2023-08-02 11:12:24.869115 +0000 UTC,1690974744,29526.959569,false
btc-bitcoin,2023-08-02 11:09:17 +0000 UTC,1690974557,2023-08-02 11:12:34.864617 +0000 UTC,1690974754,29526.959569,false
btc-bitcoin,2023-08-02 11:09:17 +0000 UTC,1690974557,2023-08-02 11:12:44.893818 +0000 UTC,1690974764,29526.959569,false
btc-bitcoin,2023-08-02 11:09:17 +0000 UTC,1690974557,2023-08-02 11:12:54.863106 +0000 UTC,1690974774,29526.959569,false
btc-bitcoin,2023-08-02 11:09:17 +0000 UTC,1690974557,2023-08-02 11:13:04.867475 +0000 UTC,1690974784,29526.959569,false
btc-bitcoin,2023-08-02 11:09:17 +0000 UTC,1690974557,2023-08-02 11:13:14.866713 +0000 UTC,1690974794,29526.959569,false
btc-bitcoin,2023-08-02 11:10:18 +0000 UTC,1690974618,2023-08-02 11:13:24.875789 +0000 UTC,1690974804,29524.288960,true
btc-bitcoin,2023-08-02 11:10:18 +0000 UTC,1690974618,2023-08-02 11:13:34.858184 +0000 UTC,1690974814,29524.288960,false
btc-bitcoin,2023-08-02 11:10:18 +0000 UTC,1690974618,2023-08-02 11:13:44.87215 +0000 UTC,1690974824,29524.288960,false
btc-bitcoin,2023-08-02 11:10:18 +0000 UTC,1690974618,2023-08-02 11:13:54.878435 +0000 UTC,1690974834,29524.288960,false
btc-bitcoin,2023-08-02 11:10:18 +0000 UTC,1690974618,2023-08-02 11:14:04.862567 +0000 UTC,1690974844,29524.288960,false
btc-bitcoin,2023-08-02 11:10:18 +0000 UTC,1690974618,2023-08-02 11:14:14.86518 +0000 UTC,1690974854,29524.288960,false
btc-bitcoin,2023-08-02 11:10:18 +0000 UTC,1690974618,2023-08-02 11:14:24.866088 +0000 UTC,1690974864,29524.288960,false
btc-bitcoin,2023-08-02 11:12:17 +0000 UTC,1690974737,2023-08-02 11:14:35.173631 +0000 UTC,1690974875,29514.503859,true
btc-bitcoin,2023-08-02 11:12:17 +0000 UTC,1690974737,2023-08-02 11:14:44.869703 +0000 UTC,1690974884,29514.503859,false
btc-bitcoin,2023-08-02 11:12:17 +0000 UTC,1690974737,2023-08-02 11:14:54.862909 +0000 UTC,1690974894,29514.503859,false
btc-bitcoin,2023-08-02 11:12:17 +0000 UTC,1690974737,2023-08-02 11:15:04.8699 +0000 UTC,1690974904,29514.503859,false
btc-bitcoin,2023-08-02 11:12:17 +0000 UTC,1690974737,2023-08-02 11:15:14.857931 +0000 UTC,1690974914,29514.503859,false
btc-bitcoin,2023-08-02 11:12:17 +0000 UTC,1690974737,2023-08-02 11:15:24.873767 +0000 UTC,1690974924,29514.503859,false
btc-bitcoin,2023-08-02 11:12:17 +0000 UTC,1690974737,2023-08-02 11:15:34.864646 +0000 UTC,1690974934,29514.503859,false
btc-bitcoin,2023-08-02 11:12:17 +0000 UTC,1690974737,2023-08-02 11:15:45.213652 +0000 UTC,1690974945,29514.503859,false
btc-bitcoin,2023-08-02 11:12:17 +0000 UTC,1690974737,2023-08-02 11:15:54.866549 +0000 UTC,1690974954,29514.503859,false
btc-bitcoin,2023-08-02 11:12:17 +0000 UTC,1690974737,2023-08-02 11:16:04.861128 +0000 UTC,1690974964,29514.503859,false
btc-bitcoin,2023-08-02 11:12:17 +0000 UTC,1690974737,2023-08-02 11:16:14.863442 +0000 UTC,1690974974,29514.503859,false
btc-bitcoin,2023-08-02 11:12:17 +0000 UTC,1690974737,2023-08-02 11:16:24.865755 +0000 UTC,1690974984,29514.503859,false
btc-bitcoin,2023-08-02 11:12:17 +0000 UTC,1690974737,2023-08-02 11:16:34.867782 +0000 UTC,1690974994,29514.503859,false
btc-bitcoin,2023-08-02 11:12:17 +0000 UTC,1690974737,2023-08-02 11:16:44.828588 +0000 UTC,1690975004,29514.503859,false
btc-bitcoin,2023-08-02 11:15:18 +0000 UTC,1690974918,2023-08-02 11:16:55.199303 +0000 UTC,1690975015,29507.345806,true
btc-bitcoin,2023-08-02 11:15:18 +0000 UTC,1690974918,2023-08-02 11:17:04.846635 +0000 UTC,1690975024,29507.345806,false
btc-bitcoin,2023-08-02 11:15:18 +0000 UTC,1690974918,2023-08-02 11:17:14.843633 +0000 UTC,1690975034,29507.345806,false
btc-bitcoin,2023-08-02 11:15:18 +0000 UTC,1690974918,2023-08-02 11:17:24.840652 +0000 UTC,1690975044,29507.345806,false
btc-bitcoin,2023-08-02 11:15:18 +0000 UTC,1690974918,2023-08-02 11:17:34.85844 +0000 UTC,1690975054,29507.345806,false
btc-bitcoin,2023-08-02 11:15:18 +0000 UTC,1690974918,2023-08-02 11:17:44.87563 +0000 UTC,1690975064,29507.345806,false
btc-bitcoin,2023-08-02 11:15:18 +0000 UTC,1690974918,2023-08-02 11:17:54.857535 +0000 UTC,1690975074,29507.345806,false
btc-bitcoin,2023-08-02 11:17:18 +0000 UTC,1690975038,2023-08-02 11:18:04.868076 +0000 UTC,1690975084,29508.599325,true
btc-bitcoin,2023-08-02 11:17:18 +0000 UTC,1690975038,2023-08-02 11:18:14.864477 +0000 UTC,1690975094,29508.599325,false
btc-bitcoin,2023-08-02 11:17:18 +0000 UTC,1690975038,2023-08-02 11:18:24.872921 +0000 UTC,1690975104,29508.599325,false
btc-bitcoin,2023-08-02 11:17:18 +0000 UTC,1690975038,2023-08-02 11:18:34.86392 +0000 UTC,1690975114,29508.599325,false
btc-bitcoin,2023-08-02 11:17:18 +0000 UTC,1690975038,2023-08-02 11:18:44.873758 +0000 UTC,1690975124,29508.599325,false
btc-bitcoin,2023-08-02 11:17:18 +0000 UTC,1690975038,2023-08-02 11:18:54.85317 +0000 UTC,1690975134,29508.599325,false
btc-bitcoin,2023-08-02 11:17:18 +0000 UTC,1690975038,2023-08-02 11:19:04.854521 +0000 UTC,1690975144,29508.599325,false
btc-bitcoin,2023-08-02 11:17:18 +0000 UTC,1690975038,2023-08-02 11:19:14.90565 +0000 UTC,1690975154,29508.599325,false
btc-bitcoin,2023-08-02 11:17:18 +0000 UTC,1690975038,2023-08-02 11:19:24.871464 +0000 UTC,1690975164,29508.599325,false
btc-bitcoin,2023-08-02 11:17:18 +0000 UTC,1690975038,2023-08-02 11:19:34.854564 +0000 UTC,1690975174,29508.599325,false
btc-bitcoin,2023-08-02 11:17:18 +0000 UTC,1690975038,2023-08-02 11:19:44.85354 +0000 UTC,1690975184,29508.599325,false
btc-bitcoin,2023-08-02 11:17:18 +0000 UTC,1690975038,2023-08-02 11:19:54.870779 +0000 UTC,1690975194,29508.599325,false
btc-bitcoin,2023-08-02 11:17:18 +0000 UTC,1690975038,2023-08-02 11:20:04.85412 +0000 UTC,1690975204,29508.599325,false
btc-bitcoin,2023-08-02 11:17:18 +0000 UTC,1690975038,2023-08-02 11:20:14.874718 +0000 UTC,1690975214,29508.599325,false
btc-bitcoin,2023-08-02 11:16:18 +0000 UTC,1690974978,2023-08-02 11:20:24.879737 +0000 UTC,1690975224,29509.071829,true
btc-bitcoin,2023-08-02 11:16:18 +0000 UTC,1690974978,2023-08-02 11:20:34.865762 +0000 UTC,1690975234,29509.071829,false
btc-bitcoin,2023-08-02 11:16:18 +0000 UTC,1690974978,2023-08-02 11:20:44.861666 +0000 UTC,1690975244,29509.071829,false
btc-bitcoin,2023-08-02 11:16:18 +0000 UTC,1690974978,2023-08-02 11:20:54.878856 +0000 UTC,1690975254,29509.071829,false
btc-bitcoin,2023-08-02 11:16:18 +0000 UTC,1690974978,2023-08-02 11:21:04.861898 +0000 UTC,1690975264,29509.071829,false
btc-bitcoin,2023-08-02 11:16:18 +0000 UTC,1690974978,2023-08-02 11:21:14.884397 +0000 UTC,1690975274,29509.071829,false
btc-bitcoin,2023-08-02 11:16:18 +0000 UTC,1690974978,2023-08-02 11:21:24.853418 +0000 UTC,1690975284,29509.071829,false
btc-bitcoin,2023-08-02 11:19:17 +0000 UTC,1690975157,2023-08-02 11:21:34.882841 +0000 UTC,1690975294,29508.649162,true
btc-bitcoin,2023-08-02 11:19:17 +0000 UTC,1690975157,2023-08-02 11:21:44.860872 +0000 UTC,1690975304,29508.649162,false
btc-bitcoin,2023-08-02 11:19:17 +0000 UTC,1690975157,2023-08-02 11:21:54.871174 +0000 UTC,1690975314,29508.649162,false
btc-bitcoin,2023-08-02 11:19:17 +0000 UTC,1690975157,2023-08-02 11:22:04.851342 +0000 UTC,1690975324,29508.649162,false
btc-bitcoin,2023-08-02 11:19:17 +0000 UTC,1690975157,2023-08-02 11:22:14.858418 +0000 UTC,1690975334,29508.649162,false
btc-bitcoin,2023-08-02 11:19:17 +0000 UTC,1690975157,2023-08-02 11:22:24.886763 +0000 UTC,1690975344,29508.649162,false
btc-bitcoin,2023-08-02 11:19:17 +0000 UTC,1690975157,2023-08-02 11:22:34.862282 +0000 UTC,1690975354,29508.649162,false
btc-bitcoin,2023-08-02 11:21:20 +0000 UTC,1690975280,2023-08-02 11:22:44.887182 +0000 UTC,1690975364,29505.316975,true
btc-bitcoin,2023-08-02 11:21:20 +0000 UTC,1690975280,2023-08-02 11:22:54.871982 +0000 UTC,1690975374,29505.316975,false
btc-bitcoin,2023-08-02 11:21:20 +0000 UTC,1690975280,2023-08-02 11:23:04.867982 +0000 UTC,1690975384,29505.316975,false
btc-bitcoin,2023-08-02 11:21:20 +0000 UTC,1690975280,2023-08-02 11:23:14.870207 +0000 UTC,1690975394,29505.316975,false
btc-bitcoin,2023-08-02 11:21:20 +0000 UTC,1690975280,2023-08-02 11:23:24.869919 +0000 UTC,1690975404,29505.316975,false
btc-bitcoin,2023-08-02 11:21:20 +0000 UTC,1690975280,2023-08-02 11:23:34.869104 +0000 UTC,1690975414,29505.316975,false
btc-bitcoin,2023-08-02 11:21:20 +0000 UTC,1690975280,2023-08-02 11:23:44.866981 +0000 UTC,1690975424,29505.316975,false
btc-bitcoin,2023-08-02 11:22:19 +0000 UTC,1690975339,2023-08-02 11:23:55.165408 +0000 UTC,1690975435,29503.284675,true
btc-bitcoin,2023-08-02 11:22:19 +0000 UTC,1690975339,2023-08-02 11:24:04.93779 +0000 UTC,1690975444,29503.284675,false
btc-bitcoin,2023-08-02 11:22:19 +0000 UTC,1690975339,2023-08-02 11:24:14.86989 +0000 UTC,1690975454,29503.284675,false
btc-bitcoin,2023-08-02 11:22:19 +0000 UTC,1690975339,2023-08-02 11:24:24.863231 +0000 UTC,1690975464,29503.284675,false
btc-bitcoin,2023-08-02 11:22:19 +0000 UTC,1690975339,2023-08-02 11:24:34.856972 +0000 UTC,1690975474,29503.284675,false
btc-bitcoin,2023-08-02 11:22:19 +0000 UTC,1690975339,2023-08-02 11:24:44.85374 +0000 UTC,1690975484,29503.284675,false
btc-bitcoin,2023-08-02 11:22:19 +0000 UTC,1690975339,2023-08-02 11:24:54.874175 +0000 UTC,1690975494,29503.284675,false
btc-bitcoin,2023-08-02 11:24:17 +0000 UTC,1690975457,2023-08-02 11:25:05.14624 +0000 UTC,1690975505,29501.241232,true
btc-bitcoin,2023-08-02 11:24:17 +0000 UTC,1690975457,2023-08-02 11:25:14.864671 +0000 UTC,1690975514,29501.241232,false
btc-bitcoin,2023-08-02 11:24:17 +0000 UTC,1690975457,2023-08-02 11:25:24.855242 +0000 UTC,1690975524,29501.241232,false
btc-bitcoin,2023-08-02 11:24:17 +0000 UTC,1690975457,2023-08-02 11:25:34.842586 +0000 UTC,1690975534,29501.241232,false
btc-bitcoin,2023-08-02 11:24:17 +0000 UTC,1690975457,2023-08-02 11:25:44.857282 +0000 UTC,1690975544,29501.241232,false
btc-bitcoin,2023-08-02 11:24:17 +0000 UTC,1690975457,2023-08-02 11:25:54.837918 +0000 UTC,1690975554,29501.241232,false
btc-bitcoin,2023-08-02 11:24:17 +0000 UTC,1690975457,2023-08-02 11:26:04.83475 +0000 UTC,1690975564,29501.241232,false
